name,HBR_1,HBR_2,HBR_3,UHR_1,UHR_2,UHR_3
ENSG00000277248.1,0,0,0,0,0,0
ENSG00000274237.1,0,0,0,0,0,0
ENSG00000280363.1,0,0,0,0,0,0
ENSG00000279973.1,0,0,0,0,0,0
ENSG00000226444.2,0,0,0,0,0,0
ENSG00000276871.1,0,0,0,0,0,0
ENSG00000277683.1,0,0,0,0,0,0
ENSG00000277821.1,0,0,0,0,0,0
ENSG00000273663.1,0,0,0,0,0,0
ENSG00000278534.1,0,0,0,0,0,0
ENSG00000278398.1,0,0,0,0,0,0
ENSG00000274416.1,0,0,0,0,0,0
ENSG00000278297.1,0,0,0,0,0,0
ENSG00000277861.1,0,0,0,0,0,0
ENSG00000274773.1,0,0,0,0,0,0
ENSG00000277372.1,0,0,0,0,0,0
ENSG00000275065.1,0,0,0,0,0,0
ENSG00000276138.1,0,0,0,0,0,0
ENSG00000280341.1,0,0,0,3,2,0
ENSG00000236235.1,0,0,0,0,0,1
ENSG00000279442.1,0,0,0,0,4,1
ENSG00000184624.4,0,0,0,0,1,0
ENSG00000236097.1,0,0,0,0,2,0
ENSG00000236831.1,0,0,0,0,0,0
ENSG00000130538.4,0,0,0,0,0,0
ENSG00000237299.1,0,0,0,0,3,0
ENSG00000235759.1,0,0,0,0,2,0
ENSG00000233408.1,0,0,0,0,1,0
ENSG00000215268.3,0,0,0,0,2,0
ENSG00000213727.3,0,0,0,0,0,0
ENSG00000230643.1,0,0,0,0,0,0
ENSG00000230471.1,0,0,0,0,3,0
ENSG00000231565.1,0,0,0,0,1,1
ENSG00000226474.1,0,0,0,0,0,0
ENSG00000224435.2,0,0,0,1,4,0
ENSG00000234381.1,0,0,0,0,2,0
ENSG00000198062.14,0,0,1,7,7,11
ENSG00000236666.1,0,0,0,0,2,0
ENSG00000212216.1,0,0,0,0,0,0
ENSG00000241838.3,0,0,0,2,1,2
ENSG00000225255.6,0,0,0,3,1,0
ENSG00000235992.1,0,0,0,0,1,0
ENSG00000206195.10,10,4,8,197,158,176
ENSG00000271127.1,0,1,0,16,9,19
ENSG00000232775.6,0,1,3,25,24,24
ENSG00000272872.1,4,2,0,98,38,49
ENSG00000271672.1,0,0,0,0,0,0
ENSG00000223875.2,0,0,0,5,3,0
ENSG00000215270.3,0,0,0,11,6,6
ENSG00000229286.1,0,0,0,0,0,0
ENSG00000233866.1,0,0,0,0,3,0
ENSG00000278188.1,0,0,0,0,0,0
ENSG00000278335.1,0,0,0,0,0,0
ENSG00000225293.1,0,0,0,0,2,0
ENSG00000226160.1,0,0,0,0,0,0
ENSG00000229658.1,0,0,0,0,1,0
ENSG00000227367.1,0,0,0,0,1,0
ENSG00000280263.1,0,0,0,0,0,0
ENSG00000235969.1,0,0,0,0,0,0
ENSG00000273362.1,0,0,0,0,0,0
ENSG00000233995.1,0,0,0,0,0,0
ENSG00000239435.2,0,0,0,2,1,1
ENSG00000198445.4,0,0,0,1,2,0
ENSG00000240122.1,0,0,0,0,0,0
ENSG00000221084.1,0,0,0,0,1,0
ENSG00000100181.21,19,23,20,141,94,122
ENSG00000267338.1,0,0,1,3,4,2
ENSG00000249288.1,0,0,0,2,2,4
ENSG00000249263.2,0,0,0,1,1,2
ENSG00000189295.13,0,1,0,3,3,0
ENSG00000259271.1,0,0,0,2,0,1
ENSG00000273244.1,0,0,0,0,0,0
ENSG00000241717.1,2,2,4,1,2,0
ENSG00000235343.1,0,0,0,1,0,0
ENSG00000172967.7,0,0,0,3,4,8
ENSG00000229027.3,0,0,0,0,0,0
ENSG00000234121.1,0,0,0,0,0,0
ENSG00000237835.1,0,0,0,0,0,0
ENSG00000220248.1,0,0,0,1,1,0
ENSG00000237689.1,1,3,2,3,0,1
ENSG00000228122.1,0,0,0,0,0,0
ENSG00000237358.1,0,0,0,0,0,0
ENSG00000225480.1,0,0,0,0,0,0
ENSG00000230481.2,0,0,0,0,0,0
ENSG00000253691.2,0,0,0,0,0,0
ENSG00000253460.2,0,0,0,0,0,0
ENSG00000254264.2,0,0,0,0,1,0
ENSG00000253481.2,0,0,0,0,0,0
ENSG00000280156.1,1,1,1,4,40,4
ENSG00000215568.7,0,0,0,0,0,0
ENSG00000270226.1,0,0,0,0,0,0
ENSG00000276400.1,0,0,0,0,0,0
ENSG00000237438.6,22,27,32,31,27,24
ENSG00000273203.1,7,6,4,3,3,4
ENSG00000273442.1,0,2,2,0,3,2
ENSG00000177663.13,58,65,58,95,71,81
ENSG00000235328.1,0,1,1,1,1,1
ENSG00000183307.3,26,45,32,9,6,4
ENSG00000235478.4,3,3,1,0,2,0
ENSG00000069998.12,30,44,33,127,82,139
ENSG00000185837.3,0,2,2,1,2,1
ENSG00000093072.15,30,28,32,39,35,22
ENSG00000236325.1,0,0,0,1,0,0
ENSG00000203416.3,0,1,0,0,0,0
ENSG00000241832.1,1,0,1,0,1,0
ENSG00000231004.2,0,0,0,0,0,0
ENSG00000239547.3,0,0,0,0,0,0
ENSG00000099954.18,115,88,119,119,81,98
ENSG00000229492.1,1,5,1,0,1,1
ENSG00000232305.1,1,2,0,0,0,0
ENSG00000228045.1,0,0,0,0,0,0
ENSG00000182902.13,100,111,74,6,8,7
ENSG00000236754.5,1,2,1,1,2,3
ENSG00000131100.12,392,454,391,244,181,203
ENSG00000099968.17,212,284,264,244,166,200
ENSG00000015475.18,70,85,84,112,76,109
ENSG00000264757.1,0,0,0,0,0,1
ENSG00000269220.1,1,0,0,1,2,4
ENSG00000243156.7,339,429,425,211,145,193
ENSG00000093100.13,6,6,9,1,2,1
ENSG00000207780.1,0,0,6,0,0,0
ENSG00000235445.1,2,7,2,2,1,1
ENSG00000234913.1,2,9,4,1,2,3
ENSG00000237446.1,1,2,3,0,0,1
ENSG00000235295.1,0,0,0,0,2,0
ENSG00000225335.3,3,5,4,2,3,5
ENSG00000215193.12,135,174,137,205,135,180
ENSG00000236890.2,0,0,1,3,0,0
ENSG00000235617.1,0,0,0,0,0,0
ENSG00000225225.1,0,0,0,0,0,0
ENSG00000183785.14,13,13,15,2,2,1
ENSG00000280007.1,55,68,53,14,14,8
ENSG00000184979.9,3,6,2,28,14,21
ENSG00000187979.4,0,0,0,0,0,0
ENSG00000276160.1,0,0,0,0,0,0
ENSG00000274044.4,1,0,0,0,0,0
ENSG00000276874.1,0,0,0,0,0,0
ENSG00000275060.1,0,0,0,0,0,0
ENSG00000277017.1,0,0,0,0,0,0
ENSG00000277870.4,0,0,0,0,0,0
ENSG00000278044.1,0,0,0,0,0,0
ENSG00000274252.1,0,0,0,0,0,0
ENSG00000275319.1,0,0,0,0,0,0
ENSG00000277690.2,0,0,0,0,0,0
ENSG00000278558.4,6,1,3,0,2,2
ENSG00000274602.4,18,11,36,65,33,34
ENSG00000280694.1,0,0,0,0,0,0
ENSG00000274625.1,0,0,0,0,0,0
ENSG00000222630.2,0,0,0,0,0,0
ENSG00000275793.1,1,2,0,2,3,6
ENSG00000275362.1,0,0,0,0,0,0
ENSG00000278110.1,0,0,0,0,0,0
ENSG00000273907.1,0,0,0,0,0,0
ENSG00000273643.1,0,0,0,0,0,0
ENSG00000278008.1,0,0,0,0,0,0
ENSG00000182824.7,0,0,0,0,1,0
ENSG00000197421.9,0,0,0,0,0,1
ENSG00000239989.1,0,0,0,0,0,0
ENSG00000234764.2,0,0,0,3,0,0
ENSG00000161103.11,0,0,1,1,3,1
ENSG00000215544.6,0,0,0,0,0,0
ENSG00000276095.2,0,0,0,0,0,0
ENSG00000279987.1,0,0,0,0,0,0
ENSG00000183628.12,73,91,76,24,13,18
ENSG00000100033.16,102,127,123,44,34,39
ENSG00000279560.1,0,0,0,3,1,3
ENSG00000280418.1,0,1,0,0,3,0
ENSG00000237517.8,196,239,201,8,9,8
ENSG00000271275.1,11,9,12,1,0,0
ENSG00000273032.1,30,30,27,5,2,4
ENSG00000270393.1,0,0,0,0,0,0
ENSG00000273164.1,9,5,9,0,0,0
ENSG00000241527.1,4,3,5,1,2,1
ENSG00000070413.18,304,354,314,308,178,274
ENSG00000206739.1,3,0,0,1,1,2
ENSG00000273311.1,4,10,13,19,6,14
ENSG00000237347.2,1,1,0,0,2,0
ENSG00000281530.1,2,1,7,2,2,4
ENSG00000223461.1,5,4,5,4,3,5
ENSG00000272682.1,1,1,0,0,2,0
ENSG00000231086.1,0,0,0,0,2,1
ENSG00000100056.11,46,50,37,77,39,64
ENSG00000206203.4,0,0,0,0,0,0
ENSG00000063515.2,0,0,0,0,0,0
ENSG00000260924.2,3,1,3,11,8,11
ENSG00000100075.9,32,50,41,226,138,216
ENSG00000070371.15,33,40,36,102,71,81
ENSG00000230194.1,0,0,1,0,1,0
ENSG00000251940.1,0,0,0,0,1,0
ENSG00000233471.2,1,1,0,1,0,1
ENSG00000100084.14,20,15,10,59,27,39
ENSG00000242259.8,64,74,76,100,88,90
ENSG00000244296.3,0,1,0,4,2,1
ENSG00000185608.8,29,36,31,113,70,91
ENSG00000185065.6,5,4,1,6,8,5
ENSG00000070010.18,38,58,53,228,148,168
ENSG00000273300.1,0,0,0,0,0,0
ENSG00000273212.1,0,0,0,0,2,4
ENSG00000093009.9,2,1,0,224,154,175
ENSG00000184113.9,60,86,57,2,2,0
ENSG00000281548.1,0,0,0,0,0,0
ENSG00000230485.1,0,0,0,0,1,0
ENSG00000225007.1,0,0,0,0,0,0
ENSG00000184702.17,481,635,547,145,97,110
ENSG00000203618.5,0,0,0,0,0,0
ENSG00000184058.12,1,0,2,7,9,7
ENSG00000185838.13,14,17,8,39,36,30
ENSG00000235776.2,1,0,0,2,1,1
ENSG00000215012.8,83,123,95,211,149,168
ENSG00000184470.19,55,52,41,84,68,74
ENSG00000232926.1,2,9,2,8,4,4
ENSG00000093010.11,96,113,87,205,111,166
ENSG00000265087.1,0,0,1,1,0,0
ENSG00000099889.13,143,157,135,86,35,52
ENSG00000183597.15,36,47,38,68,48,43
ENSG00000208023.2,0,0,0,0,0,0
ENSG00000236540.7,7,17,15,13,9,16
ENSG00000268292.1,0,0,0,0,0,0
ENSG00000277950.1,0,0,1,0,1,0
ENSG00000128191.13,80,96,67,238,162,203
ENSG00000266567.1,0,0,0,0,0,0
ENSG00000221366.2,0,0,0,0,0,0
ENSG00000243762.1,0,0,0,0,0,0
ENSG00000099899.14,42,62,49,164,82,128
ENSG00000278278.1,0,0,0,0,0,0
ENSG00000099901.16,52,74,70,593,399,475
ENSG00000264346.1,0,0,0,0,0,0
ENSG00000099904.15,95,97,91,114,84,82
ENSG00000234409.6,6,5,4,3,3,2
ENSG00000249923.1,0,1,3,0,0,0
ENSG00000236499.2,0,3,0,7,4,7
ENSG00000040608.13,74,93,84,19,11,11
ENSG00000221039.2,1,3,0,0,0,0
ENSG00000161132.6,1,1,0,1,4,0
ENSG00000128185.9,47,42,38,96,46,86
ENSG00000273343.1,1,2,3,2,1,4
ENSG00000273139.1,3,3,3,3,0,2
ENSG00000188280.11,0,0,0,2,4,0
ENSG00000235578.1,0,0,0,1,0,0
ENSG00000161133.16,0,0,0,3,2,0
ENSG00000185252.17,38,40,41,110,79,90
ENSG00000207343.1,0,0,0,0,0,0
ENSG00000244486.7,11,7,2,34,23,38
ENSG00000277971.1,0,0,0,0,0,0
ENSG00000099910.16,63,80,83,81,52,65
ENSG00000215493.3,4,8,13,10,5,3
ENSG00000255156.1,0,0,0,0,0,0
ENSG00000201916.1,0,0,0,1,0,0
ENSG00000242876.3,0,0,3,1,0,3
ENSG00000236670.1,4,3,1,4,2,8
ENSG00000265300.1,0,0,0,0,0,0
ENSG00000099917.17,94,110,87,258,156,210
ENSG00000236003.1,0,0,0,3,2,2
ENSG00000250261.1,0,0,1,0,0,0
ENSG00000223553.5,2,4,2,1,3,1
ENSG00000276427.1,0,0,0,0,1,0
ENSG00000238125.1,0,0,0,0,0,2
ENSG00000264718.1,0,0,0,0,0,0
ENSG00000229107.2,0,1,3,0,2,3
ENSG00000217261.4,0,0,0,0,1,0
ENSG00000235062.4,0,0,0,0,0,0
ENSG00000226287.7,5,7,5,0,4,6
ENSG00000241973.10,1102,1211,1079,433,343,391
ENSG00000099937.10,13,11,8,158,109,124
ENSG00000099940.11,33,48,44,114,82,76
ENSG00000272600.1,0,0,0,0,0,0
ENSG00000099942.12,343,423,367,758,482,613
ENSG00000237476.1,5,3,4,1,6,0
ENSG00000183773.15,85,82,100,7,13,10
ENSG00000099949.18,140,179,126,297,188,223
ENSG00000272829.1,4,5,1,1,2,1
ENSG00000184436.11,36,56,39,95,77,87
ENSG00000230513.1,4,7,6,9,2,4
ENSG00000161149.11,2,1,2,6,6,5
ENSG00000099957.16,35,33,31,23,19,27
ENSG00000099960.12,19,25,14,9,4,3
ENSG00000226872.1,0,0,1,0,0,0
ENSG00000207575.1,0,0,0,0,0,1
ENSG00000206145.8,5,2,2,0,1,2
ENSG00000187905.10,0,2,2,1,1,1
ENSG00000249680.1,0,0,0,0,0,0
ENSG00000169668.11,1,0,0,0,1,0
ENSG00000197210.7,0,0,0,0,0,0
ENSG00000239511.2,1,0,1,0,0,0
ENSG00000224688.1,0,1,0,0,0,0
ENSG00000215498.8,0,0,0,0,1,0
ENSG00000234503.1,0,0,0,0,0,0
ENSG00000133475.16,0,0,1,3,2,0
ENSG00000226885.1,0,0,0,0,0,0
ENSG00000229266.1,0,0,0,0,0,0
ENSG00000169662.8,0,0,0,0,0,0
ENSG00000206142.9,0,0,0,0,0,0
ENSG00000237407.1,0,0,0,0,0,0
ENSG00000232771.2,0,0,0,0,1,0
ENSG00000279920.1,0,0,0,0,0,0
ENSG00000226534.1,0,0,0,0,0,0
ENSG00000273846.1,0,0,0,0,0,0
ENSG00000274600.1,0,1,0,0,2,2
ENSG00000200057.1,0,0,0,0,0,0
ENSG00000252020.1,0,0,0,0,0,0
ENSG00000275840.1,0,0,0,0,0,0
ENSG00000169635.9,29,25,28,209,106,140
ENSG00000276800.1,0,0,0,0,0,0
ENSG00000206140.9,1,1,6,1,5,3
ENSG00000183506.16,28,26,20,96,60,67
ENSG00000281629.1,0,0,0,0,0,0
ENSG00000252143.1,0,0,0,0,0,0
ENSG00000222352.1,0,0,0,0,0,0
ENSG00000183246.6,0,0,0,0,1,0
ENSG00000185651.14,207,241,198,470,310,346
ENSG00000275293.1,0,0,0,0,0,0
ENSG00000161179.13,18,28,24,155,83,125
ENSG00000161180.10,2,0,1,5,3,2
ENSG00000273342.1,0,0,0,2,1,1
ENSG00000128228.4,5,14,3,51,34,44
ENSG00000100023.17,60,65,60,243,146,211
ENSG00000212102.1,0,0,0,0,0,0
ENSG00000207751.1,0,0,0,0,0,0
ENSG00000272954.1,0,0,0,4,5,1
ENSG00000100027.14,25,45,31,17,9,8
ENSG00000244671.3,1,0,1,1,1,0
ENSG00000100030.14,741,955,901,840,502,664
ENSG00000200985.1,0,0,1,3,4,1
ENSG00000225544.1,0,1,1,1,0,1
ENSG00000100034.13,80,106,108,217,140,169
ENSG00000224086.5,26,50,28,69,74,70
ENSG00000100038.19,2,0,1,12,10,7
ENSG00000197549.9,0,0,0,0,0,0
ENSG00000253239.1,0,0,0,0,1,0
ENSG00000211637.2,0,0,0,0,0,0
ENSG00000254355.1,0,0,0,0,0,0
ENSG00000278657.1,0,0,0,0,1,0
ENSG00000249333.1,0,0,0,0,1,0
ENSG00000253794.1,0,0,0,0,0,0
ENSG00000228161.1,0,0,0,0,0,0
ENSG00000253874.1,0,0,0,0,0,0
ENSG00000254075.1,0,0,0,0,0,0
ENSG00000254161.1,0,0,0,0,0,0
ENSG00000253242.1,0,0,0,0,0,0
ENSG00000253752.1,0,0,0,0,1,0
ENSG00000253823.1,0,0,0,0,2,0
ENSG00000275361.1,0,0,0,0,0,0
ENSG00000211638.2,0,0,0,0,0,0
ENSG00000225741.1,0,0,0,0,0,0
ENSG00000263366.2,0,0,0,0,0,0
ENSG00000236118.1,0,0,0,0,0,0
ENSG00000233720.1,0,0,0,0,0,0
ENSG00000211639.2,0,0,0,0,0,0
ENSG00000227710.1,0,0,0,0,0,0
ENSG00000224465.1,0,0,0,0,1,0
ENSG00000254308.1,0,0,0,0,0,0
ENSG00000253637.1,0,0,0,0,0,0
ENSG00000236323.1,0,0,0,0,0,0
ENSG00000211640.3,0,0,0,1,0,0
ENSG00000253126.1,0,0,0,0,0,0
ENSG00000211641.2,0,0,0,0,0,0
ENSG00000211642.2,0,0,0,0,0,0
ENSG00000253935.1,0,0,0,0,1,0
ENSG00000228050.1,0,0,0,1,0,2
ENSG00000234726.1,0,0,0,0,1,0
ENSG00000169575.4,0,0,0,1,0,1
ENSG00000279278.1,12,12,18,16,15,13
ENSG00000274422.1,2,0,1,2,6,0
ENSG00000234630.1,0,0,0,0,0,0
ENSG00000272779.1,9,11,3,10,3,13
ENSG00000236850.4,3,1,7,6,1,2
ENSG00000211643.2,1,2,3,0,0,0
ENSG00000211644.2,1,4,1,0,1,0
ENSG00000211645.2,1,3,0,0,0,0
ENSG00000225724.1,0,0,0,0,1,0
ENSG00000223350.2,0,0,0,0,1,0
ENSG00000232515.1,0,0,0,0,0,0
ENSG00000211647.1,0,0,0,0,0,0
ENSG00000211648.2,0,0,0,0,0,0
ENSG00000237428.1,0,0,0,0,1,0
ENSG00000211649.3,0,0,0,0,0,0
ENSG00000232603.1,0,0,0,0,0,0
ENSG00000211650.2,0,0,0,0,0,0
ENSG00000211651.3,0,0,0,0,0,0
ENSG00000211652.2,0,0,0,0,0,0
ENSG00000254175.1,0,0,0,0,0,0
ENSG00000254073.1,0,0,0,0,0,0
ENSG00000253818.1,0,0,0,0,0,0
ENSG00000211653.2,0,0,0,0,1,0
ENSG00000224144.1,0,0,0,0,0,0
ENSG00000253889.1,0,0,0,0,1,0
ENSG00000211654.2,0,0,0,0,0,0
ENSG00000211655.3,0,0,0,0,1,0
ENSG00000230821.1,0,1,0,0,1,0
ENSG00000253631.1,0,0,0,0,0,0
ENSG00000226595.1,0,0,1,0,1,0
ENSG00000275004.3,28,37,39,65,55,42
ENSG00000169548.3,0,0,0,11,11,14
ENSG00000185686.17,0,0,0,822,472,606
ENSG00000220891.1,0,0,0,1,1,0
ENSG00000253120.1,0,0,0,0,0,0
ENSG00000211656.3,0,0,0,0,0,0
ENSG00000211657.3,0,0,0,0,0,0
ENSG00000253920.1,0,0,0,0,1,0
ENSG00000253329.1,0,0,0,0,0,0
ENSG00000215456.5,0,0,0,0,0,0
ENSG00000183169.6,0,0,0,0,1,0
ENSG00000100121.12,0,0,0,0,1,0
ENSG00000253338.1,0,0,0,0,1,0
ENSG00000207834.1,0,0,0,0,0,0
ENSG00000253451.1,0,0,0,0,0,0
ENSG00000211658.2,0,0,0,2,0,0
ENSG00000253913.1,0,0,0,0,0,0
ENSG00000253779.1,0,0,0,0,0,0
ENSG00000211659.2,0,0,0,0,2,0
ENSG00000232350.1,0,0,0,0,0,0
ENSG00000223999.1,0,0,0,0,0,0
ENSG00000253822.1,0,0,0,0,0,0
ENSG00000211660.3,0,0,0,0,0,0
ENSG00000207830.1,0,0,0,0,0,0
ENSG00000253546.1,0,0,0,0,0,0
ENSG00000211661.2,0,0,0,0,0,0
ENSG00000211662.2,0,0,0,0,0,0
ENSG00000254240.1,0,0,0,0,0,0
ENSG00000211663.2,0,0,0,0,1,0
ENSG00000278667.1,0,0,0,0,0,0
ENSG00000264629.1,0,0,0,0,0,0
ENSG00000211664.2,0,0,0,0,0,0
ENSG00000254709.6,0,0,0,1,0,0
ENSG00000253152.1,0,0,0,0,0,0
ENSG00000211665.2,0,0,0,0,0,0
ENSG00000253786.1,0,0,0,0,0,0
ENSG00000207835.1,0,0,0,0,0,0
ENSG00000211666.2,0,0,0,26,12,13
ENSG00000253590.1,0,0,0,0,0,0
ENSG00000211667.2,0,0,0,0,0,0
ENSG00000231392.1,0,0,0,0,0,0
ENSG00000275772.1,0,0,0,0,0,0
ENSG00000207833.1,0,0,0,0,0,0
ENSG00000211668.2,0,0,0,0,0,0
ENSG00000274381.1,0,0,0,0,0,0
ENSG00000211669.2,0,0,0,0,0,0
ENSG00000226477.1,0,0,0,0,0,0
ENSG00000211670.2,0,0,0,0,1,0
ENSG00000278196.1,0,0,0,0,1,0
ENSG00000207836.1,0,0,0,0,0,0
ENSG00000237127.1,0,0,0,0,1,0
ENSG00000254077.1,0,0,0,0,0,0
ENSG00000253448.1,0,0,0,0,0,0
ENSG00000207832.1,0,0,0,0,0,0
ENSG00000253234.1,0,0,0,0,0,0
ENSG00000226420.1,0,0,0,0,0,0
ENSG00000211672.2,0,0,0,0,0,0
ENSG00000253963.1,0,0,0,0,0,0
ENSG00000211673.2,0,0,0,0,0,0
ENSG00000264824.1,0,0,0,0,0,0
ENSG00000211674.2,0,0,0,0,0,0
ENSG00000211675.2,0,0,0,0,0,0
ENSG00000211676.2,0,0,0,0,0,0
ENSG00000211677.2,0,0,0,706,503,534
ENSG00000211678.2,0,0,0,0,1,0
ENSG00000211679.2,0,0,0,1170,317,803
ENSG00000211680.2,0,0,0,0,0,0
ENSG00000254029.1,0,0,0,0,0,0
ENSG00000211681.2,0,0,0,0,1,0
ENSG00000254030.1,0,0,0,0,0,0
ENSG00000211682.2,0,0,0,0,0,0
ENSG00000222037.5,0,0,0,2,1,2
ENSG00000211684.2,0,0,0,0,0,0
ENSG00000211685.3,0,0,0,8,5,5
ENSG00000237472.1,0,0,0,0,0,0
ENSG00000223679.1,0,0,0,1,0,0
ENSG00000100218.11,4,8,5,1,0,0
ENSG00000128266.8,223,247,214,32,17,26
ENSG00000221069.1,0,1,0,0,0,0
ENSG00000275635.1,0,0,0,0,0,0
ENSG00000100228.12,29,30,33,20,15,17
ENSG00000186716.19,228,357,302,332,204,270
ENSG00000236794.5,0,1,0,0,0,0
ENSG00000240160.3,1,1,0,1,0,2
ENSG00000230701.2,2,4,5,8,6,10
ENSG00000214526.3,0,2,0,0,0,0
ENSG00000236611.1,0,0,1,0,0,0
ENSG00000215478.8,2,2,0,0,1,0
ENSG00000133519.12,21,16,14,1,2,3
ENSG00000248409.1,1,1,0,0,0,0
ENSG00000234928.1,0,0,0,0,1,1
ENSG00000227755.1,0,1,0,1,3,1
ENSG00000178248.11,0,0,1,0,1,0
ENSG00000225413.2,0,0,0,4,4,3
ENSG00000280623.1,0,0,1,202,156,181
ENSG00000224277.5,0,0,0,0,2,0
ENSG00000128322.6,0,0,0,0,0,2
ENSG00000272733.1,1,3,1,0,1,0
ENSG00000278655.1,0,1,0,1,1,0
ENSG00000189269.12,2,2,1,0,4,2
ENSG00000275609.1,0,0,1,0,0,1
ENSG00000211683.3,0,3,0,0,0,1
ENSG00000228315.11,1,0,1,1,0,1
ENSG00000234353.2,0,0,0,1,5,1
ENSG00000244723.3,1,1,2,5,3,4
ENSG00000273000.5,0,0,1,0,0,1
ENSG00000272578.5,4,4,8,12,8,4
ENSG00000159496.14,16,27,18,17,15,8
ENSG00000187792.4,26,46,32,80,48,41
ENSG00000128218.7,0,0,0,0,0,3
ENSG00000169314.14,2,7,7,4,3,6
ENSG00000250479.8,44,53,39,46,36,48
ENSG00000099953.9,3,1,1,15,17,17
ENSG00000280178.1,0,0,0,0,0,0
ENSG00000099956.17,70,78,62,169,131,139
ENSG00000099958.14,4,8,7,81,43,75
ENSG00000272973.1,0,3,0,1,0,2
ENSG00000133460.19,54,63,46,28,34,27
ENSG00000251357.4,0,0,0,0,0,0
ENSG00000279467.1,4,4,1,8,5,6
ENSG00000244425.3,1,1,1,4,1,2
ENSG00000240972.1,3,3,3,3,1,1
ENSG00000218537.1,5,1,5,8,11,12
ENSG00000273295.1,11,14,12,30,24,27
ENSG00000277002.1,0,0,0,0,0,0
ENSG00000225282.1,2,2,1,3,1,7
ENSG00000206090.4,0,0,0,0,0,0
ENSG00000231271.1,0,0,0,0,0,0
ENSG00000133433.10,3,4,3,10,4,6
ENSG00000228039.3,0,0,0,0,0,0
ENSG00000099974.7,3,3,3,2,17,5
ENSG00000272787.1,1,2,1,1,4,3
ENSG00000099977.13,4,5,4,18,8,13
ENSG00000250470.1,0,0,0,0,0,0
ENSG00000099984.10,0,0,0,0,0,0
ENSG00000224205.1,0,0,0,1,0,0
ENSG00000276950.4,0,0,0,0,1,1
ENSG00000235689.1,0,0,0,0,1,0
ENSG00000099991.16,280,320,309,509,296,374
ENSG00000232545.1,13,11,7,14,10,13
ENSG00000099994.10,8,8,7,11,17,10
ENSG00000099998.17,22,31,23,10,4,3
ENSG00000230712.2,0,0,1,0,0,0
ENSG00000128262.8,1,1,2,0,1,1
ENSG00000225098.1,0,0,0,0,0,0
ENSG00000215464.4,0,0,0,0,1,0
ENSG00000100014.19,64,80,70,156,82,101
ENSG00000258555.4,0,1,0,0,1,2
ENSG00000128271.19,2,4,2,4,0,0
ENSG00000178803.10,2,5,5,6,12,4
ENSG00000100024.14,0,1,2,1,10,2
ENSG00000228923.1,0,0,0,0,1,0
ENSG00000138867.16,62,62,62,384,214,290
ENSG00000100028.11,71,87,98,293,211,254
ENSG00000100031.18,9,14,13,86,42,61
ENSG00000178026.12,20,30,26,21,24,24
ENSG00000230947.2,0,0,0,0,0,0
ENSG00000215481.8,2,1,2,5,5,8
ENSG00000224124.3,0,0,0,0,0,0
ENSG00000224806.2,0,0,0,0,0,0
ENSG00000224334.1,0,0,0,0,1,0
ENSG00000282012.1,0,0,0,0,0,0
ENSG00000237601.1,0,0,0,0,0,0
ENSG00000182351.7,0,0,0,0,1,0
ENSG00000184571.13,0,0,0,1,3,0
ENSG00000167037.18,151,187,161,5,8,7
ENSG00000199783.1,0,0,1,0,0,0
ENSG00000206069.5,0,0,1,0,1,0
ENSG00000197077.12,126,148,131,158,97,142
ENSG00000279085.1,3,3,0,1,3,0
ENSG00000279548.1,0,1,1,1,1,0
ENSG00000279006.1,0,2,1,4,4,3
ENSG00000279110.1,5,6,3,12,19,6
ENSG00000203280.4,7,7,6,4,1,1
ENSG00000271181.1,0,0,0,0,0,0
ENSG00000100053.9,0,1,1,1,0,0
ENSG00000236641.1,0,1,0,0,0,0
ENSG00000244752.2,0,1,0,0,4,0
ENSG00000278125.1,0,0,0,0,0,0
ENSG00000279298.1,0,0,0,0,0,0
ENSG00000233577.6,0,0,0,0,1,0
ENSG00000206066.3,0,0,0,0,0,0
ENSG00000230637.2,0,1,0,2,2,1
ENSG00000231466.2,0,2,2,4,2,1
ENSG00000100068.11,7,5,5,41,24,26
ENSG00000272942.1,0,0,0,1,2,1
ENSG00000272798.1,0,1,0,0,0,2
ENSG00000271138.1,0,0,0,0,0,0
ENSG00000100058.12,24,27,23,54,37,54
ENSG00000277872.1,0,0,0,0,0,0
ENSG00000272977.1,10,18,11,12,8,4
ENSG00000265978.1,0,0,0,0,0,0
ENSG00000234884.1,1,1,0,1,2,1
ENSG00000100077.14,206,283,260,170,134,129
ENSG00000237387.1,0,0,1,2,3,5
ENSG00000224003.1,3,5,4,9,4,4
ENSG00000222585.1,0,0,0,0,0,0
ENSG00000133454.15,0,0,0,86,85,66
ENSG00000278960.1,0,0,0,2,1,3
ENSG00000231933.7,0,0,0,1,6,4
ENSG00000264925.1,0,0,0,1,1,0
ENSG00000232464.1,0,0,0,0,0,0
ENSG00000223056.1,0,0,0,0,1,0
ENSG00000232050.1,0,0,0,0,0,0
ENSG00000236464.1,0,0,0,0,1,0
ENSG00000229770.1,1,0,0,0,1,1
ENSG00000100095.18,399,508,463,16,17,22
ENSG00000224192.2,3,5,2,0,0,0
ENSG00000252267.1,0,0,0,0,0,0
ENSG00000230203.1,0,0,0,0,1,0
ENSG00000128203.6,44,56,80,18,13,24
ENSG00000100099.20,114,176,183,318,202,256
ENSG00000100104.12,35,37,43,62,47,51
ENSG00000100109.16,60,93,52,141,77,96
ENSG00000261188.1,14,23,13,27,13,17
ENSG00000128294.15,38,39,38,85,46,85
ENSG00000221760.1,0,0,0,2,0,0
ENSG00000213707.2,2,3,2,9,10,6
ENSG00000100122.5,2,0,1,3,3,4
ENSG00000196431.3,1,0,0,0,1,1
ENSG00000226912.1,0,0,0,0,1,0
ENSG00000225783.6,429,453,443,43,34,35
ENSG00000278404.1,0,0,0,0,0,0
ENSG00000206028.1,0,4,0,0,0,0
ENSG00000277941.1,0,0,0,0,0,0
ENSG00000275942.1,0,0,0,0,0,0
ENSG00000244625.5,4,6,8,11,14,12
ENSG00000276991.1,0,0,0,0,0,0
ENSG00000223704.1,2,3,5,3,8,2
ENSG00000231369.1,0,0,0,0,0,0
ENSG00000235271.5,0,1,1,0,1,0
ENSG00000279440.1,0,0,0,0,8,0
ENSG00000200443.1,0,0,0,0,0,0
ENSG00000279914.1,0,0,0,0,0,0
ENSG00000279848.1,0,0,0,0,0,0
ENSG00000236858.1,1,0,0,0,2,0
ENSG00000280025.1,0,0,0,1,4,0
ENSG00000231405.1,0,0,0,0,1,0
ENSG00000238195.1,0,0,0,0,1,0
ENSG00000233521.5,1,0,0,2,1,3
ENSG00000233574.1,0,0,0,0,0,0
ENSG00000223726.1,0,0,0,0,0,0
ENSG00000226741.1,0,0,0,0,3,0
ENSG00000230051.1,1,3,1,0,0,0
ENSG00000280445.1,0,0,0,1,0,0
ENSG00000227880.1,0,0,0,0,0,0
ENSG00000224027.1,0,0,0,0,2,0
ENSG00000227838.1,0,0,0,2,1,1
ENSG00000231495.1,0,0,0,0,0,0
ENSG00000226169.1,0,0,0,0,1,0
ENSG00000169184.5,44,34,31,123,93,124
ENSG00000180957.17,80,92,64,111,87,87
ENSG00000235954.6,42,51,66,48,46,48
ENSG00000277460.1,0,0,0,0,0,0
ENSG00000264073.1,1,0,0,1,0,1
ENSG00000276150.1,0,0,0,0,0,0
ENSG00000100154.14,87,123,79,191,108,106
ENSG00000274342.1,0,0,0,0,0,0
ENSG00000276675.1,0,0,0,0,0,0
ENSG00000239249.3,1,0,0,0,0,0
ENSG00000201209.1,0,0,0,0,0,0
ENSG00000199797.1,0,1,0,0,0,0
ENSG00000276162.1,0,0,1,3,2,2
ENSG00000266503.2,0,0,0,0,0,1
ENSG00000183765.20,1,5,3,98,82,99
ENSG00000100209.9,7,9,11,35,20,18
ENSG00000159873.9,68,75,58,259,176,175
ENSG00000100219.16,67,102,79,1082,636,767
ENSG00000280977.1,0,0,0,1,0,1
ENSG00000226471.6,4,7,2,10,12,16
ENSG00000272858.1,1,0,0,4,3,2
ENSG00000224256.1,0,0,0,0,0,0
ENSG00000183579.15,97,103,102,99,89,83
ENSG00000235786.1,1,6,3,4,3,2
ENSG00000177993.3,6,3,3,8,2,2
ENSG00000100249.4,0,2,0,0,1,0
ENSG00000183762.12,50,62,36,75,59,69
ENSG00000226772.1,1,0,2,0,0,0
ENSG00000281592.1,0,0,0,0,0,0
ENSG00000200871.1,1,0,0,0,0,0
ENSG00000251952.1,0,0,0,0,0,0
ENSG00000186998.15,11,19,29,12,6,7
ENSG00000100263.13,23,40,33,79,57,67
ENSG00000237015.1,2,1,3,9,3,5
ENSG00000182944.17,346,356,357,920,675,835
ENSG00000185340.15,73,77,66,32,23,34
ENSG00000100276.9,9,27,17,0,2,0
ENSG00000273216.1,0,0,1,1,1,0
ENSG00000100280.16,230,272,256,358,244,272
ENSG00000280968.1,0,0,0,0,0,0
ENSG00000239127.1,0,0,0,0,0,0
ENSG00000242156.1,0,0,0,0,0,0
ENSG00000278292.1,0,0,0,0,1,0
ENSG00000225465.8,116,107,115,6,2,0
ENSG00000274457.1,0,0,0,0,0,0
ENSG00000128250.5,0,0,0,0,0,0
ENSG00000282816.1,0,0,0,0,0,0
ENSG00000100285.9,194,265,253,27,24,21
ENSG00000100296.13,73,123,65,218,137,149
ENSG00000234208.1,0,0,1,1,2,0
ENSG00000184117.11,105,131,119,291,188,233
ENSG00000186575.17,206,270,235,445,307,342
ENSG00000233010.1,2,4,1,2,0,3
ENSG00000232396.2,0,1,0,0,1,0
ENSG00000239446.1,0,0,0,0,0,0
ENSG00000100314.3,18,21,25,2,1,6
ENSG00000100319.12,16,12,6,20,20,12
ENSG00000200976.1,0,0,0,0,0,0
ENSG00000184076.12,83,94,104,185,98,137
ENSG00000100325.14,35,42,39,144,91,131
ENSG00000100330.15,36,46,35,29,15,17
ENSG00000278841.1,1,0,1,0,1,0
ENSG00000207455.1,0,0,0,0,0,0
ENSG00000221736.2,0,0,1,0,0,0
ENSG00000279159.1,81,94,75,86,63,78
ENSG00000275818.1,0,0,0,0,0,0
ENSG00000227117.6,2,0,0,1,1,0
ENSG00000227201.2,0,1,0,0,1,0
ENSG00000176635.17,0,0,0,1,5,0
ENSG00000226573.1,0,0,0,0,0,0
ENSG00000225971.1,0,0,0,0,0,0
ENSG00000225676.1,0,0,0,0,2,0
ENSG00000232530.1,0,0,0,2,0,0
ENSG00000128342.4,2,3,3,154,97,106
ENSG00000268812.3,0,0,0,3,1,0
ENSG00000099985.3,0,0,1,0,0,2
ENSG00000279699.1,2,3,0,0,1,1
ENSG00000239282.7,5,6,3,2,0,1
ENSG00000248751.6,0,0,0,0,0,0
ENSG00000099992.15,13,15,14,39,30,39
ENSG00000099995.18,184,232,179,388,259,285
ENSG00000187860.10,3,15,9,9,8,7
ENSG00000099999.14,54,65,42,57,40,47
ENSG00000100003.17,53,81,68,42,33,34
ENSG00000249590.7,0,0,0,0,0,0
ENSG00000275258.1,0,0,1,0,0,0
ENSG00000273350.1,3,6,4,4,6,4
ENSG00000222915.1,1,1,0,0,0,0
ENSG00000272689.1,0,2,1,4,4,2
ENSG00000242114.5,0,0,0,3,5,2
ENSG00000273428.3,0,0,0,1,1,1
ENSG00000230137.1,0,0,0,1,0,0
ENSG00000100012.11,1,0,0,0,2,0
ENSG00000181123.8,0,0,0,0,0,0
ENSG00000214161.3,0,0,0,0,0,0
ENSG00000133488.14,0,0,0,3,2,4
ENSG00000214491.8,4,12,3,3,7,5
ENSG00000225774.2,0,0,0,0,0,0
ENSG00000128242.12,19,18,21,4,6,4
ENSG00000100029.17,65,80,70,271,202,255
ENSG00000223831.1,0,0,0,0,1,0
ENSG00000185339.8,19,26,23,56,49,40
ENSG00000100036.12,18,32,26,21,12,13
ENSG00000167065.13,8,13,9,12,10,9
ENSG00000250318.1,1,2,0,3,0,1
ENSG00000184792.15,119,137,98,113,57,84
ENSG00000264661.2,2,0,0,0,0,0
ENSG00000237977.1,1,4,9,3,6,6
ENSG00000235989.3,1,2,3,5,2,3
ENSG00000133422.12,75,82,50,146,100,151
ENSG00000253352.8,188,227,207,545,349,397
ENSG00000276664.1,0,0,0,0,0,0
ENSG00000276057.1,0,0,0,0,0,0
ENSG00000276965.1,0,0,0,0,0,0
ENSG00000275307.1,0,0,0,0,0,0
ENSG00000269987.1,0,0,0,0,0,0
ENSG00000269972.1,0,0,0,0,0,0
ENSG00000278920.1,0,0,0,2,5,2
ENSG00000240186.3,0,0,0,0,0,0
ENSG00000183963.18,42,51,47,142,91,141
ENSG00000273387.1,1,2,2,11,6,4
ENSG00000198832.10,83,86,77,25,18,18
ENSG00000235573.2,0,0,0,0,0,0
ENSG00000185133.13,59,77,58,7,8,14
ENSG00000100078.3,1,5,2,13,12,8
ENSG00000214125.2,0,0,0,0,0,0
ENSG00000264141.1,0,0,0,0,0,0
ENSG00000138942.15,57,105,74,106,82,90
ENSG00000254835.1,0,0,0,0,0,0
ENSG00000182541.17,96,119,103,113,70,95
ENSG00000199695.1,0,0,0,0,1,0
ENSG00000202019.1,0,0,0,0,1,1
ENSG00000100100.12,112,165,128,52,32,34
ENSG00000228839.5,1,1,3,2,0,2
ENSG00000212542.1,0,0,0,0,0,0
ENSG00000100105.17,72,74,61,191,116,136
ENSG00000213888.3,12,14,13,8,9,6
ENSG00000206615.1,0,0,0,0,0,0
ENSG00000185721.11,83,105,96,191,143,151
ENSG00000184708.17,95,107,96,94,77,78
ENSG00000240591.1,0,0,2,1,1,0
ENSG00000199248.1,1,0,0,0,1,1
ENSG00000198089.14,112,125,107,142,102,134
ENSG00000233733.1,1,0,1,0,0,0
ENSG00000229169.1,0,0,0,0,0,0
ENSG00000214093.3,0,1,1,4,1,4
ENSG00000241878.9,195,250,233,156,95,108
ENSG00000275382.1,0,0,0,0,0,0
ENSG00000183530.13,219,269,234,418,294,333
ENSG00000100150.16,51,79,76,77,50,65
ENSG00000242251.3,0,0,0,1,2,1
ENSG00000236132.1,0,0,1,1,2,0
ENSG00000252909.1,0,0,0,0,0,0
ENSG00000227813.1,0,1,2,0,0,0
ENSG00000128254.12,0,6,6,4,2,3
ENSG00000128245.14,1029,1363,1146,336,220,293
ENSG00000227519.1,0,0,0,1,0,0
ENSG00000230866.1,0,0,0,0,2,0
ENSG00000240647.3,0,0,0,0,0,0
ENSG00000232346.1,0,0,0,0,0,0
ENSG00000100170.9,0,0,0,0,6,0
ENSG00000234479.2,0,0,0,0,1,0
ENSG00000237439.1,0,0,0,0,0,0
ENSG00000232707.1,0,0,0,0,0,0
ENSG00000239674.2,0,0,0,1,0,0
ENSG00000205856.3,0,2,0,0,1,1
ENSG00000230120.1,0,0,0,0,0,0
ENSG00000275656.1,0,0,0,0,0,0
ENSG00000128253.13,5,3,10,1,1,0
ENSG00000279219.1,0,0,0,1,0,0
ENSG00000254127.1,0,0,0,0,0,1
ENSG00000242082.1,4,7,3,2,3,1
ENSG00000100191.5,7,12,5,13,9,4
ENSG00000214076.3,41,43,42,6,12,10
ENSG00000224050.1,1,1,3,0,0,0
ENSG00000273325.1,0,3,0,1,0,0
ENSG00000234626.1,0,1,1,1,0,0
ENSG00000128276.10,0,0,0,0,0,0
ENSG00000271093.1,0,0,0,0,0,0
ENSG00000205853.10,1,1,1,0,0,1
ENSG00000274617.1,0,0,0,0,0,0
ENSG00000274170.1,0,0,0,0,0,0
ENSG00000230736.2,1,3,2,1,1,1
ENSG00000243519.1,0,0,0,0,0,0
ENSG00000241954.1,0,1,0,4,2,0
ENSG00000232218.1,2,0,0,2,0,1
ENSG00000100220.11,109,150,124,339,182,249
ENSG00000184459.8,0,0,0,0,2,0
ENSG00000100225.17,163,181,194,426,375,371
ENSG00000185666.14,74,110,78,11,12,9
ENSG00000236054.1,1,4,5,1,1,1
ENSG00000251890.1,0,0,0,0,0,0
ENSG00000229673.1,0,0,1,0,1,0
ENSG00000100234.11,214,271,243,805,491,604
ENSG00000228194.1,0,0,0,0,0,0
ENSG00000228622.1,0,0,0,0,0,0
ENSG00000231253.1,0,0,0,0,0,1
ENSG00000233632.1,0,0,0,0,1,0
ENSG00000133424.20,173,213,199,83,58,84
ENSG00000232073.1,0,0,0,0,0,0
ENSG00000230741.1,1,1,2,3,1,0
ENSG00000266012.1,1,0,0,0,0,0
ENSG00000253007.2,0,0,0,0,0,0
ENSG00000281295.1,0,0,0,0,0,0
ENSG00000232081.1,0,0,0,0,0,1
ENSG00000224973.5,7,6,5,5,7,5
ENSG00000273082.1,0,0,0,1,0,0
ENSG00000236052.1,0,0,0,0,1,0
ENSG00000224404.1,0,1,2,0,0,0
ENSG00000235485.1,0,0,0,0,0,0
ENSG00000280356.1,0,0,0,3,4,2
ENSG00000234891.1,2,3,0,0,1,0
ENSG00000237316.1,0,0,1,0,0,0
ENSG00000227895.5,1,0,0,2,1,1
ENSG00000175329.12,0,0,0,6,4,1
ENSG00000233080.2,0,0,0,1,0,2
ENSG00000273068.1,0,0,0,0,0,0
ENSG00000279184.1,0,0,1,75,77,62
ENSG00000238153.1,0,0,0,0,0,0
ENSG00000243453.1,0,0,0,0,0,0
ENSG00000238584.1,0,0,0,0,0,0
ENSG00000100281.13,32,45,49,124,103,102
ENSG00000273176.1,2,0,1,0,0,0
ENSG00000100284.20,99,119,103,84,56,68
ENSG00000266320.1,1,0,0,1,1,0
ENSG00000274280.1,0,0,0,0,0,0
ENSG00000282602.1,0,0,0,1,0,0
ENSG00000282041.1,0,0,0,0,0,0
ENSG00000100292.16,13,19,13,83,51,81
ENSG00000100297.15,29,32,34,544,294,446
ENSG00000233388.2,0,0,0,4,1,5
ENSG00000273044.1,0,0,0,0,0,0
ENSG00000100302.6,55,81,60,15,15,17
ENSG00000198125.12,0,1,0,9,8,8
ENSG00000268818.2,0,0,0,0,1,0
ENSG00000221963.5,64,54,56,331,197,254
ENSG00000228587.1,0,0,0,0,0,0
ENSG00000226336.2,0,0,0,0,0,0
ENSG00000128313.2,0,0,1,0,0,0
ENSG00000100320.22,621,738,711,515,367,405
ENSG00000237406.1,3,3,2,4,4,3
ENSG00000279652.1,10,8,4,21,23,18
ENSG00000279927.1,0,0,0,0,0,0
ENSG00000279217.1,0,0,0,0,9,0
ENSG00000279714.1,0,0,0,0,0,0
ENSG00000279805.1,1,0,1,0,1,0
ENSG00000128284.19,8,6,12,39,33,19
ENSG00000233764.1,0,0,0,0,1,0
ENSG00000231576.1,0,0,0,0,0,0
ENSG00000237948.1,0,0,0,0,1,0
ENSG00000225557.1,0,0,0,0,1,0
ENSG00000237129.1,0,0,0,0,0,0
ENSG00000229088.1,0,0,0,0,1,0
ENSG00000100336.17,10,6,8,9,5,4
ENSG00000128335.13,113,151,135,148,112,112
ENSG00000100342.20,4,9,6,87,65,76
ENSG00000100345.20,449,512,485,2685,1608,2111
ENSG00000278420.1,0,0,0,1,1,0
ENSG00000223695.1,1,2,1,2,0,0
ENSG00000237668.1,0,0,0,0,1,0
ENSG00000252575.1,0,0,0,0,0,0
ENSG00000252225.1,0,0,0,0,0,0
ENSG00000228719.1,0,1,3,0,0,0
ENSG00000100348.9,27,41,39,82,49,39
ENSG00000100350.14,74,108,107,218,104,122
ENSG00000100353.17,103,119,131,745,494,640
ENSG00000188078.5,0,0,0,0,0,1
ENSG00000229971.1,0,0,0,0,0,0
ENSG00000261675.1,41,56,44,0,0,0
ENSG00000166862.6,33,34,48,0,1,0
ENSG00000234688.1,3,2,4,0,0,0
ENSG00000100360.14,53,58,56,77,57,60
ENSG00000100362.12,100,129,102,25,17,15
ENSG00000234979.1,2,0,0,0,0,0
ENSG00000183822.3,0,0,1,1,4,1
ENSG00000100365.14,3,7,1,24,17,15
ENSG00000100368.13,2,4,4,50,42,40
ENSG00000232254.1,0,0,0,0,1,0
ENSG00000215403.1,0,0,0,0,1,0
ENSG00000185264.11,0,0,0,0,0,0
ENSG00000128311.13,18,21,18,88,61,51
ENSG00000252412.1,1,1,1,2,0,0
ENSG00000128309.16,34,29,33,131,76,112
ENSG00000100379.17,47,74,73,32,21,14
ENSG00000201078.1,0,0,0,1,0,0
ENSG00000187045.16,1,3,0,5,5,3
ENSG00000231467.2,0,0,0,0,1,0
ENSG00000100385.13,1,0,0,6,6,4
ENSG00000252142.1,0,0,0,0,1,0
ENSG00000235237.1,0,0,0,1,0,0
ENSG00000133466.13,11,8,10,85,65,67
ENSG00000278195.1,30,36,48,14,12,12
ENSG00000226233.1,0,0,0,0,0,0
ENSG00000128340.14,8,8,5,111,79,92
ENSG00000100055.20,13,18,16,22,19,12
ENSG00000243902.6,2,4,3,0,0,0
ENSG00000237862.1,1,2,1,1,3,0
ENSG00000166897.14,104,131,110,19,15,23
ENSG00000272694.1,0,0,0,0,0,0
ENSG00000100060.17,4,5,6,75,30,49
ENSG00000100065.14,2,5,5,97,76,74
ENSG00000225867.1,1,1,0,0,0,0
ENSG00000128283.6,68,100,65,144,81,126
ENSG00000100079.6,0,0,0,7,5,3
ENSG00000273866.1,0,0,0,0,1,0
ENSG00000100083.18,119,155,128,307,193,221
ENSG00000100092.20,20,13,16,55,34,41
ENSG00000233360.4,1,3,1,7,2,3
ENSG00000241360.1,5,6,5,2,1,1
ENSG00000241333.3,0,1,0,0,0,0
ENSG00000100097.11,75,93,78,729,447,618
ENSG00000273899.4,9,10,15,28,17,19
ENSG00000100101.15,0,0,0,0,0,0
ENSG00000100106.19,36,28,25,164,103,142
ENSG00000281932.1,0,0,0,0,0,0
ENSG00000189060.5,106,146,112,252,167,190
ENSG00000100116.16,34,27,33,76,56,52
ENSG00000128310.2,1,0,2,1,1,0
ENSG00000100124.12,33,48,55,91,50,73
ENSG00000207945.1,0,0,0,0,0,0
ENSG00000207696.1,0,0,0,1,0,0
ENSG00000100129.17,191,222,206,704,454,597
ENSG00000279738.1,12,23,15,48,32,20
ENSG00000207227.1,0,0,0,0,0,0
ENSG00000100139.13,52,64,62,149,96,114
ENSG00000278948.1,1,8,1,4,2,1
ENSG00000128346.10,2,1,5,9,6,5
ENSG00000280527.1,0,2,0,0,0,1
ENSG00000279010.1,167,192,150,105,83,72
ENSG00000272582.1,0,0,0,0,0,0
ENSG00000100142.14,15,28,17,12,8,7
ENSG00000277321.1,0,0,0,0,0,0
ENSG00000100146.16,0,0,0,0,0,0
ENSG00000264505.1,0,0,0,0,0,0
ENSG00000222044.1,6,3,10,4,7,0
ENSG00000273214.1,0,0,1,0,1,0
ENSG00000100151.15,79,81,85,46,33,60
ENSG00000233739.1,0,0,0,0,0,0
ENSG00000100156.10,9,13,11,11,5,6
ENSG00000128298.16,5,17,8,18,8,9
ENSG00000272720.1,10,3,3,4,2,3
ENSG00000184381.18,61,57,62,86,48,50
ENSG00000279080.1,2,3,4,13,7,6
ENSG00000185022.11,31,27,20,97,63,68
ENSG00000198792.12,207,235,215,191,140,170
ENSG00000235246.1,0,0,0,1,0,0
ENSG00000241693.2,0,0,0,0,1,0
ENSG00000265311.1,0,0,0,0,0,0
ENSG00000277385.1,0,0,0,0,0,0
ENSG00000213923.10,232,229,222,592,338,447
ENSG00000244627.5,10,15,10,30,28,23
ENSG00000229955.1,2,0,1,6,4,3
ENSG00000228620.1,0,0,0,0,0,0
ENSG00000168135.4,49,70,50,2,1,3
ENSG00000100196.10,6,7,7,106,92,91
ENSG00000100201.18,1532,1797,1637,2814,1818,2243
ENSG00000100206.9,2,4,0,15,11,8
ENSG00000224279.2,1,0,0,0,0,0
ENSG00000184949.15,16,12,17,40,48,22
ENSG00000100211.10,17,19,13,25,22,38
ENSG00000230912.1,3,1,0,0,4,2
ENSG00000228274.3,12,7,15,7,9,8
ENSG00000100216.5,52,67,51,178,112,156
ENSG00000100221.10,149,161,133,261,204,210
ENSG00000100226.15,146,187,152,335,182,247
ENSG00000229598.1,3,5,2,11,3,10
ENSG00000244491.1,0,0,0,0,2,0
ENSG00000100242.15,289,369,314,266,151,233
ENSG00000230149.2,0,2,0,4,1,2
ENSG00000273096.1,1,1,1,2,3,3
ENSG00000225450.1,1,0,2,3,0,1
ENSG00000272669.1,1,5,2,4,9,6
ENSG00000273076.1,0,1,1,4,0,2
ENSG00000100246.12,19,42,34,46,18,27
ENSG00000221890.2,390,446,394,69,59,50
ENSG00000183741.11,738,873,830,362,240,300
ENSG00000235209.1,0,0,0,0,0,0
ENSG00000128383.12,0,0,0,0,1,0
ENSG00000179750.15,1,0,0,19,22,15
ENSG00000249310.2,0,0,0,0,0,0
ENSG00000244509.3,4,3,3,80,48,59
ENSG00000243811.7,1,1,2,16,8,9
ENSG00000128394.16,1,1,0,11,6,7
ENSG00000239713.7,4,9,3,41,25,22
ENSG00000259421.1,0,0,0,0,0,0
ENSG00000225720.6,0,2,1,0,0,0
ENSG00000100298.15,4,3,0,0,0,0
ENSG00000100307.12,185,257,208,25,21,24
ENSG00000226024.1,0,0,0,0,0,0
ENSG00000279833.1,6,19,10,8,6,6
ENSG00000227009.1,0,0,0,0,0,0
ENSG00000100311.16,34,45,32,40,28,43
ENSG00000224794.1,0,0,0,0,0,1
ENSG00000100316.15,659,761,721,4027,2406,3047
ENSG00000209480.1,0,0,0,0,0,0
ENSG00000209482.1,2,0,0,7,5,2
ENSG00000280859.1,0,0,0,1,1,3
ENSG00000263764.1,0,0,0,0,0,0
ENSG00000100321.14,763,997,870,54,51,42
ENSG00000280216.1,1,2,2,0,0,0
ENSG00000100324.13,99,91,70,82,75,86
ENSG00000128268.11,257,328,274,35,15,24
ENSG00000227188.1,5,9,8,1,2,1
ENSG00000100335.12,95,122,114,312,164,204
ENSG00000128272.14,291,358,307,1354,819,1065
ENSG00000187051.8,72,88,72,129,95,95
ENSG00000100346.17,106,139,136,2,7,0
ENSG00000176177.9,0,0,0,2,3,3
ENSG00000235647.1,0,0,0,0,1,0
ENSG00000238875.1,0,0,0,0,0,0
ENSG00000226085.3,1,5,6,4,8,4
ENSG00000100351.16,1,0,1,64,45,44
ENSG00000225528.1,0,0,0,8,1,7
ENSG00000133477.16,0,1,6,28,20,14
ENSG00000261202.1,0,2,0,1,0,2
ENSG00000100354.20,582,686,592,528,327,405
ENSG00000228599.1,2,4,2,3,2,2
ENSG00000239900.11,40,41,48,302,176,212
ENSG00000279624.3,0,0,1,1,0,0
ENSG00000100359.20,109,136,114,147,104,131
ENSG00000229999.6,1,2,1,4,4,5
ENSG00000196588.14,139,132,104,137,81,93
ENSG00000272834.1,0,0,1,1,1,3
ENSG00000227413.1,2,0,2,0,4,0
ENSG00000232564.2,4,10,8,11,7,9
ENSG00000252124.1,1,1,1,2,2,0
ENSG00000172912.4,1,0,0,1,0,0
ENSG00000230071.2,1,2,1,8,5,11
ENSG00000231907.2,0,1,0,0,1,0
ENSG00000128285.4,12,21,17,2,3,2
ENSG00000100372.14,39,39,40,119,96,116
ENSG00000230769.1,1,1,3,5,1,1
ENSG00000233603.1,1,1,0,6,1,4
ENSG00000266594.1,0,0,0,2,0,1
ENSG00000100380.12,389,470,463,880,640,760
ENSG00000196236.12,31,43,39,149,105,122
ENSG00000172404.4,2,2,0,2,1,0
ENSG00000273979.1,0,0,0,0,0,2
ENSG00000200683.1,0,0,0,0,0,1
ENSG00000100387.8,50,68,60,122,77,91
ENSG00000222698.1,0,0,0,0,0,0
ENSG00000280863.1,0,0,0,0,0,0
ENSG00000237214.3,0,0,0,0,0,0
ENSG00000199515.1,0,0,0,0,0,0
ENSG00000213857.3,0,0,0,0,0,0
ENSG00000100393.9,302,403,405,569,328,404
ENSG00000221160.1,0,0,0,0,0,0
ENSG00000252859.1,0,0,0,0,1,0
ENSG00000232754.1,0,3,0,3,3,1
ENSG00000231993.1,1,2,0,1,1,2
ENSG00000215771.2,0,1,0,0,0,1
ENSG00000100395.14,91,96,83,108,82,88
ENSG00000235513.1,6,8,9,2,5,6
ENSG00000100399.15,32,40,39,2,3,1
ENSG00000100401.19,256,316,267,464,296,392
ENSG00000274552.1,0,0,0,0,0,0
ENSG00000100403.11,417,531,475,453,288,372
ENSG00000167074.14,335,384,341,43,34,28
ENSG00000199865.1,0,2,0,0,0,0
ENSG00000273424.1,0,0,2,4,1,0
ENSG00000183864.4,203,279,197,173,116,145
ENSG00000100410.7,34,36,17,134,79,89
ENSG00000100412.15,301,366,347,254,168,199
ENSG00000100413.16,106,93,91,131,77,96
ENSG00000172346.14,72,94,65,6,5,1
ENSG00000100417.11,34,40,55,51,31,25
ENSG00000100418.7,129,188,159,190,134,135
ENSG00000196419.12,365,415,378,1431,973,1121
ENSG00000200332.1,0,0,0,1,0,0
ENSG00000100138.13,168,201,178,366,219,291
ENSG00000207457.1,0,1,0,3,1,0
ENSG00000184208.10,34,36,32,56,46,49
ENSG00000167077.12,1,5,1,8,6,2
ENSG00000231261.1,0,1,0,0,0,0
ENSG00000252603.1,0,0,0,0,0,0
ENSG00000206813.1,0,0,0,0,0,0
ENSG00000100147.13,9,24,19,39,24,30
ENSG00000184068.2,12,14,13,34,18,23
ENSG00000198911.11,497,669,575,627,384,539
ENSG00000207932.1,0,1,2,0,0,0
ENSG00000234965.2,33,31,18,0,0,4
ENSG00000159958.4,4,2,2,11,9,12
ENSG00000263463.1,0,0,0,0,0,0
ENSG00000100162.14,0,3,1,65,35,52
ENSG00000205704.6,28,16,21,0,1,1
ENSG00000100167.19,721,907,863,54,38,55
ENSG00000224883.1,4,3,4,0,1,0
ENSG00000183066.14,14,11,8,5,9,2
ENSG00000215347.3,0,0,1,0,1,0
ENSG00000198951.11,30,43,53,144,107,132
ENSG00000177096.8,9,3,4,6,5,6
ENSG00000238498.1,0,0,0,0,1,0
ENSG00000183172.8,25,42,34,28,15,25
ENSG00000184983.9,67,101,81,167,109,126
ENSG00000270083.1,2,1,2,8,4,2
ENSG00000237037.9,10,18,21,15,6,11
ENSG00000213790.2,1,0,3,3,0,0
ENSG00000100197.20,15,23,16,17,9,4
ENSG00000227370.1,2,1,0,4,1,5
ENSG00000232710.1,1,3,0,2,0,0
ENSG00000281538.1,4,6,5,2,2,1
ENSG00000205702.10,6,9,8,2,3,10
ENSG00000226450.2,2,3,4,6,7,7
ENSG00000100207.18,205,259,209,455,281,355
ENSG00000182057.4,0,3,1,13,6,7
ENSG00000233903.2,1,2,1,8,5,5
ENSG00000273366.1,1,3,1,8,1,4
ENSG00000229891.1,1,3,5,2,4,1
ENSG00000235568.6,5,5,11,8,9,9
ENSG00000230107.1,0,0,0,1,1,2
ENSG00000172250.14,4,3,5,2,2,0
ENSG00000189306.10,59,89,80,157,86,117
ENSG00000265106.1,0,0,0,0,0,0
ENSG00000183569.17,6,11,7,18,14,19
ENSG00000182841.12,20,30,18,52,42,45
ENSG00000202058.1,284,319,228,250,413,377
ENSG00000251913.1,0,0,0,0,0,0
ENSG00000100227.17,139,155,150,263,169,210
ENSG00000276027.1,0,0,0,0,0,0
ENSG00000270022.3,1,0,0,4,2,3
ENSG00000100243.20,126,169,136,372,250,309
ENSG00000249222.1,0,3,1,2,0,0
ENSG00000128274.15,8,5,2,36,23,25
ENSG00000200448.1,0,0,0,0,0,0
ENSG00000234009.1,0,0,0,0,0,1
ENSG00000229608.1,0,1,0,0,1,0
ENSG00000274717.1,0,0,1,1,2,1
ENSG00000242247.10,53,65,44,187,145,130
ENSG00000100266.17,114,127,111,261,174,221
ENSG00000226989.1,0,1,0,1,0,0
ENSG00000230319.1,5,3,1,0,4,0
ENSG00000100271.16,16,29,26,10,12,19
ENSG00000234735.1,0,1,0,0,0,0
ENSG00000100290.2,1,3,6,4,5,6
ENSG00000100294.12,19,27,25,43,27,35
ENSG00000100300.17,12,10,13,136,88,110
ENSG00000100304.12,57,94,59,278,212,234
ENSG00000159307.18,1,5,3,11,15,7
ENSG00000236272.1,0,0,0,0,0,0
ENSG00000234892.1,0,0,0,0,0,0
ENSG00000203527.2,0,0,0,1,0,0
ENSG00000236117.1,1,0,0,1,3,0
ENSG00000186732.13,122,154,138,1,3,3
ENSG00000223843.4,2,3,0,0,2,0
ENSG00000186976.14,36,43,35,6,4,3
ENSG00000233157.1,1,0,1,0,0,1
ENSG00000180150.5,0,0,0,0,0,0
ENSG00000261251.1,3,3,6,2,4,5
ENSG00000130540.13,290,334,288,5,7,3
ENSG00000100341.11,3,2,2,0,3,0
ENSG00000266837.1,0,0,0,0,0,0
ENSG00000100344.10,6,5,5,45,37,38
ENSG00000100347.14,45,46,50,132,118,100
ENSG00000224856.2,0,1,0,0,0,2
ENSG00000188677.14,69,89,68,162,134,145
ENSG00000279175.1,3,6,4,10,10,10
ENSG00000280434.1,3,7,5,18,15,8
ENSG00000138964.16,7,10,8,18,19,9
ENSG00000279933.1,0,0,1,3,1,0
ENSG00000280011.1,0,3,0,3,7,3
ENSG00000138944.7,149,205,176,162,111,134
ENSG00000220702.1,0,0,0,0,0,0
ENSG00000236079.1,0,0,0,0,0,0
ENSG00000232655.1,0,0,0,0,0,0
ENSG00000228807.1,0,0,0,0,0,0
ENSG00000279642.1,0,0,0,0,0,0
ENSG00000188636.3,174,261,176,237,149,180
ENSG00000215333.3,0,0,0,0,2,0
ENSG00000187012.10,0,0,0,0,4,0
ENSG00000234300.1,0,0,0,0,0,0
ENSG00000231801.2,0,0,0,0,0,0
ENSG00000186654.20,10,5,6,26,23,15
ENSG00000248405.9,0,1,0,1,1,0
ENSG00000241484.9,2,1,2,6,6,3
ENSG00000056487.15,15,14,9,16,16,12
ENSG00000223730.1,1,1,0,1,1,0
ENSG00000230922.1,1,5,0,5,4,2
ENSG00000226328.6,27,24,31,32,29,28
ENSG00000273243.1,1,3,0,6,2,4
ENSG00000093000.18,131,172,154,413,289,319
ENSG00000273353.1,0,0,0,0,1,0
ENSG00000100364.18,312,364,315,260,166,191
ENSG00000221598.2,1,2,4,0,1,1
ENSG00000273287.2,1,3,1,0,0,0
ENSG00000213752.3,0,0,0,0,0,0
ENSG00000100373.9,0,0,0,2,1,1
ENSG00000100376.11,53,50,50,113,66,97
ENSG00000077935.16,3,0,4,6,11,9
ENSG00000128408.8,0,4,1,12,11,4
ENSG00000232363.1,0,0,0,0,1,0
ENSG00000077942.17,43,47,33,122,96,116
ENSG00000238120.1,0,0,0,3,1,0
ENSG00000251985.1,0,0,0,1,0,0
ENSG00000280383.1,16,22,15,31,17,29
ENSG00000130638.15,193,253,246,199,154,170
ENSG00000264160.1,1,0,0,0,1,1
ENSG00000235347.1,0,3,2,5,1,0
ENSG00000279954.1,0,4,3,0,1,0
ENSG00000235091.1,1,0,0,0,0,0
ENSG00000188064.9,7,11,6,9,9,17
ENSG00000265610.1,0,0,0,0,0,0
ENSG00000280424.1,3,2,2,4,5,3
ENSG00000273145.1,0,0,1,1,6,4
ENSG00000231711.2,7,14,9,7,5,8
ENSG00000182257.6,7,12,15,7,2,3
ENSG00000273289.1,4,8,3,0,0,0
ENSG00000241990.5,6,13,5,15,5,10
ENSG00000197182.12,82,137,87,61,56,52
ENSG00000231010.1,10,14,11,2,1,6
ENSG00000235159.1,17,15,12,6,6,8
ENSG00000266533.1,2,2,1,5,1,2
ENSG00000198986.2,0,0,0,0,0,0
ENSG00000264147.1,0,0,0,0,0,0
ENSG00000207875.1,0,0,0,0,0,0
ENSG00000186951.16,72,101,84,193,147,138
ENSG00000280384.1,0,1,1,3,5,4
ENSG00000205643.10,15,13,11,28,11,19
ENSG00000130943.6,6,6,7,8,12,8
ENSG00000075234.16,29,28,20,90,71,85
ENSG00000277232.2,2,2,3,2,2,3
ENSG00000075218.18,2,2,1,145,111,118
ENSG00000100416.12,64,78,75,191,111,140
ENSG00000075275.16,0,6,4,250,136,195
ENSG00000230634.1,0,0,0,0,0,0
ENSG00000234869.1,0,0,0,0,9,1
ENSG00000075240.16,97,106,75,156,96,135
ENSG00000100422.13,209,249,268,298,188,243
ENSG00000260708.1,2,6,12,14,13,15
ENSG00000054611.13,39,52,47,78,50,74
ENSG00000280080.1,1,1,2,1,4,2
ENSG00000278881.1,2,4,3,2,1,3
ENSG00000280312.1,1,1,0,1,3,0
ENSG00000224715.1,0,1,0,0,2,0
ENSG00000218357.3,0,0,0,0,1,0
ENSG00000205634.6,7,6,1,5,3,1
ENSG00000224271.5,8,8,8,32,28,21
ENSG00000232897.2,1,0,2,0,2,1
ENSG00000230345.1,1,0,0,2,3,0
ENSG00000279712.1,4,3,3,7,12,14
ENSG00000235154.1,0,0,0,0,0,0
ENSG00000278890.1,0,0,0,0,2,0
ENSG00000238192.1,0,0,0,0,1,0
ENSG00000229275.1,0,0,0,0,0,0
ENSG00000266508.1,0,0,0,0,0,0
ENSG00000233179.1,0,0,0,0,0,0
ENSG00000219438.8,140,163,151,18,16,14
ENSG00000281732.1,17,16,18,0,1,1
ENSG00000266887.1,0,0,0,0,1,0
ENSG00000251912.1,0,0,0,0,0,1
ENSG00000205632.2,8,7,6,0,9,1
ENSG00000226142.2,0,0,0,0,1,0
ENSG00000280199.1,0,0,0,0,3,0
ENSG00000188511.12,2,4,2,36,25,23
ENSG00000280224.1,0,0,0,0,3,3
ENSG00000279597.1,0,0,0,0,1,5
ENSG00000264139.1,0,0,0,0,0,0
ENSG00000212939.2,0,0,1,13,19,18
ENSG00000213279.2,0,0,0,7,1,6
ENSG00000235111.1,1,0,1,17,14,8
ENSG00000226954.1,0,0,0,0,4,0
ENSG00000223142.1,0,0,0,0,0,0
ENSG00000214727.2,0,0,0,0,1,0
ENSG00000100425.18,92,116,103,186,121,160
ENSG00000279345.1,3,2,8,5,8,3
ENSG00000236867.1,2,3,2,3,3,3
ENSG00000260613.1,1,2,1,1,2,0
ENSG00000229409.1,0,1,0,0,0,1
ENSG00000277771.1,0,0,0,0,0,0
ENSG00000279494.1,0,0,0,2,0,0
ENSG00000100426.6,51,68,77,196,153,157
ENSG00000280567.1,0,0,0,0,0,0
ENSG00000182858.13,21,30,40,53,27,30
ENSG00000273192.1,0,0,0,1,0,1
ENSG00000184164.14,30,40,43,74,64,57
ENSG00000278869.1,0,0,0,1,4,2
ENSG00000198355.4,47,59,55,159,103,118
ENSG00000276753.1,0,0,0,0,0,0
ENSG00000188263.10,0,1,2,0,5,2
ENSG00000138892.11,0,0,0,0,0,1
ENSG00000100427.15,297,324,307,13,12,12
ENSG00000073146.15,10,8,8,0,7,1
ENSG00000280395.1,1,0,0,0,1,0
ENSG00000073150.13,59,71,74,9,7,7
ENSG00000170638.9,33,40,37,103,79,87
ENSG00000273188.1,2,7,3,4,5,5
ENSG00000273253.2,9,17,7,2,0,2
ENSG00000073169.13,52,72,33,77,37,65
ENSG00000272836.1,7,2,0,5,1,2
ENSG00000273137.1,2,2,3,4,2,3
ENSG00000128159.11,248,289,237,279,174,206
ENSG00000100429.17,4,9,12,9,9,7
ENSG00000188130.13,60,57,56,116,73,114
ENSG00000185386.14,64,98,82,25,23,29
ENSG00000196576.14,241,301,248,475,285,370
ENSG00000205593.11,61,101,67,36,20,20
ENSG00000227484.1,0,1,0,0,0,0
ENSG00000279182.1,0,0,0,0,0,0
ENSG00000100239.15,170,249,259,227,150,185
ENSG00000242463.3,0,0,1,0,0,1
ENSG00000238604.1,0,0,1,0,0,0
ENSG00000100241.20,682,840,696,530,339,422
ENSG00000128165.8,0,2,1,27,21,31
ENSG00000100253.12,0,0,0,1,1,1
ENSG00000100258.17,57,73,69,174,113,164
ENSG00000025770.18,86,93,78,219,131,176
ENSG00000130489.12,4,24,10,19,14,22
ENSG00000272821.1,8,12,8,7,1,9
ENSG00000025708.12,23,24,30,58,22,33
ENSG00000177989.13,9,11,9,11,12,11
ENSG00000272666.1,0,1,0,0,1,0
ENSG00000273272.1,0,0,0,0,0,0
ENSG00000226738.1,0,0,0,6,2,0
ENSG00000130487.5,0,0,1,3,8,1
ENSG00000217442.3,0,0,1,0,0,0
ENSG00000205560.12,5,3,5,9,8,7
ENSG00000254413.8,2,4,2,6,5,5
ENSG00000100288.19,6,8,4,11,8,4
ENSG00000205559.3,5,1,3,1,2,1
ENSG00000272940.1,0,2,4,1,2,1
ENSG00000008735.13,410,545,482,13,17,9
ENSG00000100299.17,53,55,65,63,47,53
ENSG00000212569.1,0,0,0,0,0,0
ENSG00000251322.7,363,456,375,43,25,35
ENSG00000206841.1,0,0,0,0,0,0
ENSG00000225929.1,0,2,1,0,1,0
ENSG00000100312.10,0,0,0,0,2,0
ENSG00000254499.1,0,0,0,0,0,0
ENSG00000213683.4,0,0,0,0,0,0
ENSG00000184319.15,41,59,54,32,23,34
ENSG00000079974.17,74,62,54,68,50,47
